city,team1,team2,toss_winner,toss_decision,winner,first_innings_score,second_innings_score
8,8,3,8,2,3.0,0.9385585061727101,0.3451201681890683
6,6,0,0,1,0.0,0.7585896376718033,0.6515686929380219
1,1,7,7,1,1.0,0.7016885755159995,0.7124837843700919
5,5,8,5,1,8.0,0.7028600079314319,0.7113282007980757
3,3,9,9,1,3.0,0.700765396045594,0.713391799577947
7,7,6,6,1,7.0,0.7028853604521851,0.7113031492001155
9,9,1,9,1,1.0,0.702179386223622,0.7120000769400363
0,0,5,5,2,0.0,0.7190456808357886,0.6949628111427238
9,9,7,7,2,7.0,0.7038255960088933,0.7103728108554875
6,6,5,5,2,6.0,0.8446103869355733,0.535381447456429
8,8,7,7,2,7.0,0.7019267189718641,0.7122491707214503
0,0,3,3,1,0.0,0.7023452803945737,0.7118364328323381
5,5,9,9,2,9.0,0.7025596109834729,0.7116248962864855
6,6,1,1,1,6.0,0.7026736398436252,0.7115123019800229
8,8,0,0,1,0.0,0.7352757158335022,0.6777681179470829
3,3,5,3,1,5.0,0.7020015154756069,0.7121754504824996
1,1,8,8,2,1.0,0.7276434504778692,0.6859555444609079
9,9,6,6,2,6.0,0.7028343490605733,0.7113535532916105
7,7,3,7,1,7.0,0.7936712008155883,0.6083469610312376
0,0,1,0,1,1.0,0.7029596338114635,0.711229747150422
6,6,3,6,1,6.0,0.7271257963371178,0.6865042434691224
8,8,9,9,2,8.0,0.716171123310796,0.6979247252646611
5,5,1,1,2,5.0,0.774803746731232,0.6322018301549316
7,7,0,0,1,7.0,0.700708014884254,0.7134481606094223
8,8,6,6,2,6.0,0.7015610998395336,0.7126093061362192
0,0,9,9,2,9.0,0.7022471119478896,0.7119332790092399
5,5,7,5,2,5.0,0.7003406701280767,0.713808759938232
1,1,0,0,2,0.0,0.7033556304069442,0.7108381371134009
3,3,8,3,1,3.0,0.7236082320332963,0.6902109290163748
7,7,9,7,2,7.0,0.7021097462009691,0.7120687496931815
0,0,6,6,2,0.0,0.744920086565872,0.6671537039024019
9,9,3,3,1,3.0,0.7496243900282398,0.6618634858298117
7,7,1,7,2,7.0,0.7026173493413279,0.7115678888233831
6,6,8,8,1,6.0,0.7022134834058589,0.7119664484531625
3,3,1,3,1,3.0,0.7729282973093136,0.6344933783882424
5,5,0,5,2,5.0,0.7026173493413279,0.7115678888233831
1,1,9,9,2,1.0,0.731055268242869,0.6823182503600111
5,5,3,5,2,5.0,0.696785684263249,0.7172793808592269
1,1,6,1,1,6.0,0.7354367343064205,0.6775933956531065
7,7,8,8,2,7.0,0.8320502943378437,0.5547001962252291
9,9,5,9,2,5.0,0.7601551737556986,0.6497415730984463
3,3,0,3,1,0.0,0.7342720682754589,0.6788553084056129
8,8,1,1,2,1.0,0.7025596109834729,0.7116248962864855
3,3,7,7,2,7.0,0.7023452803945737,0.7118364328323381
5,5,6,5,2,6.0,0.7108381371134009,0.7033556304069442
0,0,8,8,1,8.0,0.7500101721022834,0.6614262935075255
6,6,9,6,2,6.0,0.7031006064676614,0.711090386086612
1,1,5,1,2,1.0,0.7031231753960862,0.7110680700333301
0,0,7,7,1,7.0,0.7256827831682829,0.688029431211438
9,9,8,9,1,8.0,0.7028600079314319,0.7113282007980757
3,3,6,6,1,3.0,0.7030777803619778,0.7111129549946862
7,7,5,7,2,7.0,0.702280281445106,0.7119005592731212
9,9,0,9,1,0.0,0.7023452803945737,0.7118364328323381
8,8,5,5,2,5.0,0.7013814998445,0.712786077077744
6,6,7,7,2,6.0,0.7767557487195038,0.6298019584212193
5,1,7,1,2,7.0,0.911656164315767,0.4109538150024442
5,0,6,6,1,0.0,0.7008771255327298,0.7132820304094154
5,0,7,7,2,7.0,0.7028083782532835,0.7113792121344211
-1,0,5,0,2,5.0,0.7508929588948038,0.6604239277026587
-1,8,7,8,1,8.0,0.9177221168073145,0.3972230057822705
-1,1,6,1,2,1.0,0.6941355705842321,0.7198442954206852
-1,9,3,3,1,9.0,0.7002086668924692,0.7139382485962431
-1,8,0,0,1,0.0,0.9003489528419438,0.43516866054027287
-1,6,3,3,2,3.0,0.7709617516270896,0.6368814469962913
-1,8,9,9,1,9.0,0.7563631724521442,0.6541519329315842
-1,0,1,1,1,1.0,0.7259526839058266,0.687744647910783
-1,3,7,3,2,7.0,0.7024395613665727,0.711743396616461
-1,8,6,8,1,6.0,0.7029351681296114,0.7112539275157607
-1,9,5,9,1,9.0,0.7348034446274879,0.6782801027330658
-1,8,1,8,1,1.0,0.7024085519692114,0.7117739993288008
-1,6,7,6,1,6.0,0.7808688094430304,0.6246950475544243
-1,0,9,9,2,9.0,0.7028600079314319,0.7113282007980757
-1,3,5,5,1,5.0,0.8925201483918708,0.45100752179376447
-1,1,7,1,1,7.0,0.7022134834058589,0.7119664484531625
-1,8,3,3,1,8.0,0.7020741827848284,0.7121038139674688
-1,6,5,6,1,6.0,0.7189883760491119,0.6950220968474748
-1,9,1,1,2,1.0,0.7023771277714427,0.7118050086811265
-1,0,7,7,2,0.0,0.7947678139267301,0.6069136033622302
-1,3,5,5,1,5.0,0.7312184423172438,0.6821433790744756
-1,8,6,8,1,8.0,0.7292256089673864,0.6842733454009037
-1,9,7,9,1,7.0,0.7021448105364912,0.7120341740651742
-1,0,1,1,2,0.0,0.749170921036008,0.6623767289647632
-1,6,3,3,1,6.0,0.7025301812897969,0.7116539498779761
-1,8,5,5,1,8.0,0.7024085519692114,0.7117739993288008
-1,0,9,0,1,0.0,0.873004559860684,0.4877120446149073
-1,6,7,6,2,7.0,0.8470991654772115,0.5314348538135336
-1,1,3,3,1,1.0,0.7025596109834729,0.7116248962864855
-1,9,5,9,1,9.0,0.7570561454168382,0.6533498241268603
-1,8,7,7,2,7.0,0.7004677164823951,0.7136840884914969
-1,0,6,0,1,0.0,0.7320959238512887,0.6812015548134986
-1,1,5,5,1,1.0,0.7010891757230163,0.7130736060772559
-1,9,6,6,2,6.0,0.7029351681296114,0.7112539275157607
-1,0,7,7,1,0.0,0.7021097462009691,0.7120687496931815
-1,8,5,5,1,5.0,0.746105210225183,0.6658280673528532
-1,1,3,1,2,1.0,0.7014274816167628,0.7127408280944525
-1,9,7,9,1,9.0,0.8282157123427925,0.5604094341002128
-1,8,3,8,2,8.0,0.703054692658077,0.7111357810794342
-1,6,5,6,1,5.0,0.7012389761168877,0.7129262923855025
-1,9,1,9,2,1.0,0.7339942915171168,0.6791556375531943
-1,8,0,0,1,8.0,0.7016885755159995,0.7124837843700919
-1,5,7,7,1,7.0,0.7144084996482668,0.6997288729431654
-1,1,6,6,2,6.0,0.7012872659320248,0.7128787909887525
-1,0,5,5,1,0.0,0.7023452803945737,0.7118364328323381
-1,9,3,9,2,9.0,0.7027285362744408,0.7114580833089058
-1,9,6,9,2,6.0,0.7123638613662797,0.7018103226793718
-1,1,7,1,1,1.0,0.7430494130276538,0.6692365574288803
-1,0,3,0,1,3.0,0.7033754245742967,0.710818550760268
-1,8,1,1,1,8.0,0.701888492813689,0.7122868408553733
-1,3,7,3,2,3.0,0.7002086668924692,0.7139382485962431
-1,0,6,0,1,0.0,0.7860851426451102,0.6181182318235054
-1,1,5,1,2,1.0,0.7028600079314319,0.7113282007980757
-1,8,9,8,1,8.0,0.7344740159232419,0.6786368100343404
-1,1,9,9,2,9.0,0.7025301812897969,0.7116539498779761
-1,8,0,8,2,8.0,0.7023130012327302,0.7118682801610667
-1,8,9,8,2,9.0,0.7244967790388136,0.6892781856133157
5,9,3,9,2,3.0,0.7337606740181695,0.679408031498305
5,5,7,5,1,5.0,0.7154542680061106,0.6986595668792066
6,6,1,1,2,1.0,0.702179386223622,0.7120000769400363
3,3,8,3,2,3.0,0.7019267189718641,0.7122491707214503
0,0,9,9,1,9.0,0.7685509995466667,0.6397885284184294
2,7,1,1,2,1.0,0.7021448105364912,0.7120341740651742
8,8,6,6,1,8.0,0.7036491080728211,0.7105476287402017
3,3,0,0,1,0.0,0.8343768505214746,0.5511944042838832
1,1,5,1,2,5.0,0.8769757398360187,0.4805346519649418
8,8,7,8,2,8.0,0.6995447848162134,0.7145887586832287
1,1,0,1,1,0.0,0.7033154053030363,0.7108779365428538
-1,9,6,6,2,9.0,0.7217246032297732,0.6921803212262152
2,7,3,7,1,7.0,0.7835755126900903,0.6212965603578231
5,5,8,5,1,8.0,0.7024701641224861,0.711713192597782
-1,9,1,9,1,9.0,0.7300664540265073,0.6833761575480679
0,0,6,0,2,6.0,0.7019643891790419,0.7122120444955242
5,5,3,3,1,5.0,0.7025886646132301,0.7115962115954511
8,8,0,0,2,8.0,0.7866356362731398,0.617417505214383
6,6,7,6,2,7.0,0.7709617516270895,0.6368814469962913
5,0,5,5,2,5.0,0.7032109643466593,0.7109812512455174
8,8,1,8,2,1.0,0.7424910147090861,0.669856024139719
2,7,9,9,1,7.0,0.7023771277714427,0.7118050086811265
6,6,3,3,1,3.0,0.7875050010075858,0.6163082616581107
2,7,0,7,1,7.0,0.7437095088347183,0.6685029292896344
5,9,5,9,2,5.0,0.7972265579824855,0.6036802259867377
1,1,3,1,1,1.0,0.7924584575316014,0.6099258914709517
5,5,6,5,2,5.0,0.7028083782532835,0.7113792121344211
0,0,8,8,1,0.0,0.7027554777966536,0.7114314713496986
1,1,7,1,1,1.0,0.8421904643284618,0.5391801385383274
3,3,9,3,1,3.0,0.7571970756814634,0.6531864883625811
6,6,8,6,1,8.0,0.7032323103308193,0.7109601379168723
0,0,7,0,1,0.0,0.7422472811581098,0.6701260878472004
5,5,9,5,1,5.0,0.841331155069519,0.540520015826786
3,3,6,3,1,6.0,0.7035976309449103,0.7105986023970985
1,1,8,1,1,1.0,0.782928959414254,0.622111119102137
-1,9,7,7,1,7.0,0.713766680984117,0.7003835557156648
0,0,5,0,1,0.0,0.7621658404477233,0.6473818283321023
7,7,6,6,1,7.0,0.7025301812897969,0.7116539498779761
3,3,1,3,1,3.0,0.7368179512572095,0.6760911970327143
8,8,9,9,2,9.0,0.7032949675016306,0.710898156339486
6,6,5,5,1,6.0,0.7025596109834729,0.7116248962864855
-1,9,0,0,1,9.0,0.7020381095567656,0.7121393773201723
8,8,3,8,2,8.0,0.7027285362744408,0.7114580833089058
1,1,6,1,1,6.0,0.7008217572776737,0.713336431514775
7,7,5,7,2,5.0,0.7874100435409946,0.6164295769435215
-1,9,8,8,2,9.0,0.7403807222854057,0.6721877610222763
5,5,1,5,1,5.0,0.7875050010075858,0.6163082616581107
0,0,3,3,1,0.0,0.7020741827848284,0.7121038139674688
7,7,8,7,1,8.0,0.70172977504731,0.7124432067274217
0,0,1,0,1,1.0,0.7008771255327298,0.7132820304094154
6,6,9,9,2,9.0,0.7030777803619778,0.7111129549946862
8,8,5,8,2,5.0,0.8200337238685059,0.5723152031165615
3,3,7,7,1,3.0,0.7018103226793718,0.7123638613662797
6,6,0,0,2,0.0,0.7034525554587449,0.7107422192458821
1,1,9,9,1,9.0,0.7367350744830315,0.6761815067173029
3,3,5,5,1,3.0,0.7018496983061259,0.7123250669375606
5,8,5,5,1,5.0,0.7788110344886303,0.6272586169665184
5,0,9,0,1,0.0,0.8087360843031886,0.5881716976750462
5,8,9,9,1,8.0,0.6986393383133878,0.7154740211643128
5,0,5,0,1,0.0,0.7567223179737983,0.6537364403797311
0,0,3,0,1,0.0,0.7140273902619758,0.7001177657763529
9,9,7,7,2,7.0,0.7020015154756069,0.7121754504824996
1,1,5,1,1,5.0,0.6997798348164428,0.7143585813751188
3,3,9,3,1,3.0,0.7289824926505478,0.6845323406596607
7,7,1,1,1,7.0,0.7024701641224861,0.711713192597782
8,8,5,5,2,5.0,0.7021097462009691,0.7120687496931815
6,6,0,6,2,6.0,0.7033754245742967,0.710818550760268
9,9,8,8,2,9.0,0.7782736126779891,0.627925301137923
7,7,3,3,2,3.0,0.702701259061168,0.7114850247994325
0,0,8,0,1,0.0,0.7505516551321638,0.6608117833228834
9,9,6,6,2,6.0,0.7028600079314319,0.7113282007980757
3,3,7,3,2,3.0,0.6985367247883851,0.7155742058807848
1,1,9,9,1,9.0,0.7435128653979639,0.6687216304171036
6,6,7,7,2,6.0,0.8,0.6
5,5,0,0,2,5.0,0.7266466544661507,0.6870113824043607
3,3,8,8,2,8.0,0.7030077142592762,0.7111822225646166
1,1,6,6,2,1.0,0.7541854581520884,0.6566614764944907
9,9,5,9,2,5.0,0.7883696901106011,0.6152017813001801
1,1,8,8,2,8.0,0.7027285362744408,0.7114580833089058
1,1,3,1,2,3.0,0.751013406762716,0.6602869549390321
7,7,5,7,2,7.0,0.6997031252548288,0.7144337173654568
3,3,6,3,2,3.0,0.7012389761168877,0.7129262923855025
0,0,9,0,1,0.0,0.7508929588948038,0.6604239277026587
5,5,6,6,2,5.0,0.7619393177594593,0.6476484200955405
9,9,3,9,2,3.0,0.7520283654835951,0.6591307438650333
0,0,7,7,1,0.0,0.7023452803945737,0.7118364328323381
9,9,1,1,2,1.0,0.7031006064676614,0.711090386086612
8,8,6,6,2,8.0,0.864083013296331,0.503349328133785
3,3,0,0,1,3.0,0.7852691656277782,0.6191545344372866
5,5,1,1,2,5.0,0.7749208199000273,0.6320583223765586
7,7,0,7,2,0.0,0.8287998981205545,0.5595451088834201
6,6,5,5,2,6.0,0.8833945317568194,0.46863002599294684
7,7,8,8,2,8.0,0.7023130012327302,0.7118682801610667
0,0,1,0,1,0.0,0.7460124397403018,0.6659320083557497
8,8,3,8,2,8.0,0.7002086668924692,0.7139382485962431
5,5,9,9,1,9.0,0.7362546199851177,0.6767046139569096
6,6,1,1,2,6.0,0.7715393663129653,0.6361815827492872
6,6,8,6,1,6.0,0.8874661187885873,0.46087296297604746
5,5,7,5,1,7.0,0.7018496983061259,0.7123250669375606
6,6,9,6,2,9.0,0.8639363184095201,0.50360107002766
8,8,0,8,2,8.0,0.7016467397821332,0.7125249838097633
3,3,5,5,2,5.0,0.7031006064676614,0.711090386086612
5,8,0,0,2,0.0,0.7031006064676614,0.711090386086612
5,5,3,5,2,5.0,0.7023452803945737,0.7118364328323381
0,8,5,5,2,8.0,0.7948427632315116,0.6068154428971755
0,0,8,0,1,0.0,0.8140003757722463,0.5808643458180592
0,0,5,5,2,5.0,0.7008771255327298,0.7132820304094154
3,3,1,1,2,1.0,0.6999285823596569,0.7142128391425071
7,7,6,6,2,7.0,0.7682212795973759,0.6401843996644799
8,8,1,1,2,8.0,0.7555312842968392,0.6551125692953607
-1,9,0,9,2,0.0,0.8524117479129432,0.522871123719795
7,7,3,3,2,7.0,0.7579580539105697,0.6523032948806115
-1,9,5,9,1,5.0,0.7020381095567656,0.7121393773201723
8,8,3,8,2,3.0,0.803471442059678,0.5953432974297614
1,1,0,1,2,1.0,0.700765396045594,0.713391799577947
5,5,7,7,2,5.0,0.7587153665245264,0.6514222843897449
0,0,8,8,1,0.0,0.7036825952557098,0.7105144651125613
3,3,7,7,1,3.0,0.7017703527782003,0.7124032369112033
3,3,6,3,2,6.0,0.7150066690130576,0.6991176319238787
8,8,7,7,1,7.0,0.821588113591424,0.5700815482062942
5,5,1,1,2,1.0,0.6995447848162134,0.7145887586832287
7,7,9,9,1,7.0,0.7035265622366209,0.7106689638836932
6,6,3,6,1,3.0,0.7014727307159014,0.7126962944073558
1,1,9,9,1,1.0,0.7026456721493012,0.7115399211638492
6,6,8,8,2,8.0,0.7028083782532835,0.7113792121344211
0,0,7,7,1,0.0,0.7023130012327302,0.7118682801610667
5,5,6,5,1,6.0,0.7028083782532835,0.7113792121344211
-1,9,3,3,2,3.0,0.7015610998395336,0.7126093061362192
7,7,8,7,2,8.0,0.7989896181933308,0.6013448179034017
6,6,5,6,1,5.0,0.7029351681296114,0.7112539275157607
1,1,5,5,2,1.0,0.7742889047510754,0.6328322779215519
0,0,6,6,1,6.0,0.7253453893362642,0.6883851147204036
3,3,8,3,1,3.0,0.8005026525567515,0.5993292110765207
1,1,7,1,1,1.0,0.711743396616461,0.7024395613665727
5,5,9,5,2,5.0,0.7001407149017564,0.7140048874740684
0,0,3,0,1,3.0,0.7020741827848284,0.7121038139674688
7,7,1,7,1,1.0,0.7021448105364912,0.7120341740651742
8,8,6,6,2,6.0,0.7026736398436252,0.7115123019800229
0,0,9,0,1,0.0,0.7316594712539656,0.6816703148328872
6,6,7,7,1,7.0,0.798921513170277,0.6014352964315569
5,5,0,5,2,5.0,0.703054692658077,0.7111357810794342
8,8,9,8,2,8.0,0.7032323103308193,0.7109601379168723
1,1,3,1,1,3.0,0.7025301812897969,0.7116539498779761
9,9,6,9,2,6.0,0.7627091331693349,0.6467416626289682
5,5,8,8,2,8.0,0.7021448105364912,0.7120341740651742
9,9,1,9,1,1.0,0.7033556304069442,0.7108381371134009
7,7,0,0,2,0.0,0.7015610998395336,0.7126093061362192
3,3,5,5,1,5.0,0.7630698656408077,0.6463160064170775
0,0,1,0,2,0.0,0.7009849862549792,0.7131760294941962
6,6,9,9,1,6.0,0.7034143927642639,0.7107799885000153
8,8,5,5,2,5.0,0.7030077142592762,0.7111822225646166
3,3,0,0,2,0.0,0.7026736398436252,0.7115123019800229
1,1,6,6,1,1.0,0.7019643891790419,0.7122120444955242
5,5,3,5,2,3.0,0.7938781460016402,0.6080768777884903
6,6,0,6,2,6.0,0.7012872659320248,0.7128787909887525
1,1,8,1,2,8.0,0.7439788198674288,0.6682031993253759
9,9,7,7,1,9.0,0.7015610998395336,0.7126093061362192
6,6,1,1,2,1.0,0.7021448105364912,0.7120341740651742
9,9,8,8,2,9.0,0.7341682274289241,0.6789676088252455
7,7,5,7,1,5.0,0.7027820897865867,0.7114051829128025
-1,1,3,3,1,3.0,0.7494351887982501,0.662077712803362
8,0,5,5,2,0.0,0.7837075886445707,0.6211299505746863
0,1,0,1,2,0.0,0.8537546672667796,0.5206754921447624
0,3,0,0,1,3.0,0.7034143927642639,0.7107799885000153
3,3,1,3,2,3.0,0.7016467397821332,0.7125249838097633
8,8,5,5,2,8.0,0.7138945333414656,0.7002532365260236
1,1,7,7,1,7.0,0.7199990802746611,0.6939750171322034
0,0,5,5,1,5.0,0.7312184423172438,0.6821433790744756
9,9,8,8,1,9.0,0.70172977504731,0.7124432067274217
7,7,3,3,2,7.0,0.7574099616005768,0.6529396220694628
5,5,1,5,1,5.0,0.7863183388224226,0.6178215519319036
8,8,9,9,1,8.0,0.7027554777966536,0.7114314713496986
6,6,0,0,2,0.0,0.7020381095567656,0.7121393773201723
8,8,3,8,2,8.0,0.7025596109834729,0.7116248962864855
1,1,9,1,1,9.0,0.7009849862549792,0.7131760294941962
0,0,8,0,2,0.0,0.7028600079314319,0.7113282007980757
3,3,9,3,1,3.0,0.8079632559066579,0.5892328717109327
7,7,6,7,2,7.0,0.7014727307159014,0.7126962944073558
6,6,3,3,2,6.0,0.7183822213408705,0.6956486067414759
8,8,1,8,2,8.0,0.7025003681833333,0.7116833795321351
7,7,5,7,1,7.0,0.8904346821960806,0.4551110597891078
1,1,0,0,1,0.0,0.8986159845236752,0.43873603950273554
9,9,6,6,1,9.0,0.7014274816167628,0.7127408280944525
3,3,0,3,1,0.0,0.7012389761168877,0.7129262923855025
8,8,7,8,2,8.0,0.7011399518137406,0.7130236798105836
1,1,5,5,1,1.0,0.7027554777966536,0.7114314713496986
0,0,7,7,1,0.0,0.7033154053030363,0.7108779365428538
1,1,6,6,2,6.0,0.7012872659320248,0.7128787909887525
3,3,5,3,1,5.0,0.702701259061168,0.7114850247994325
0,0,9,9,1,0.0,0.702701259061168,0.7114850247994325
3,3,6,6,1,3.0,0.7024085519692114,0.7117739993288008
7,7,9,9,1,7.0,0.7022471119478896,0.7119332790092399
5,5,8,5,1,5.0,0.8202187498558209,0.5720499998994443
0,0,3,3,2,0.0,0.7339629064618474,0.6791895552333513
7,7,8,7,2,7.0,0.7030077142592762,0.7111822225646166
5,5,6,5,1,5.0,0.7172793808592269,0.696785684263249
9,9,5,5,1,9.0,0.7016885755159995,0.7124837843700919
-1,1,3,3,1,1.0,0.7019643891790419,0.7122120444955242
0,0,6,0,1,0.0,0.7379726582280446,0.6748306126042547
3,3,7,7,1,3.0,0.7018103226793718,0.7123638613662797
9,9,1,1,1,9.0,0.6984315939659476,0.7156768185083165
5,5,0,5,1,5.0,0.8709102013239778,0.49144218503281606
6,6,8,6,2,6.0,0.7034143927642639,0.7107799885000153
7,7,1,1,1,7.0,0.7025596109834729,0.7116248962864855
5,5,3,5,1,5.0,0.8521712257191477,0.5232630333363187
9,9,0,9,2,0.0,0.8377593720158102,0.5460395906888763
6,6,7,7,2,7.0,0.702280281445106,0.7119005592731212
1,1,8,1,2,8.0,0.7167785514883113,0.6973008734587376
6,6,9,6,2,9.0,0.7828880069039224,0.6221626544931833
-1,3,8,3,2,3.0,0.7010375280810152,0.7131243820134464
7,7,0,7,2,7.0,0.7021448105364912,0.7120341740651742
5,5,9,9,1,5.0,0.7031675589124661,0.7110241796824377
8,8,6,6,2,6.0,0.7030777803619778,0.7111129549946862
0,0,1,0,1,0.0,0.7813196491417566,0.6241310806753677
5,5,7,7,2,5.0,0.7395391838567011,0.6731135086599914
6,6,1,1,2,6.0,0.7237375449666366,0.6900753335728395
9,9,7,9,1,9.0,0.7714423784498996,0.6362991880645157
6,6,5,5,2,6.0,0.8104468731827058,0.5858121420288036
8,8,0,0,2,8.0,0.7937257399548533,0.6082758007130652
9,9,3,3,1,9.0,0.70172977504731,0.7124432067274217
1,0,5,0,1,0.0,0.8014925285656475,0.5980047881526074
1,7,9,9,1,7.0,0.7018103226793718,0.7123638613662797
3,5,7,7,1,5.0,0.7028600079314319,0.7113282007980757
3,0,5,5,1,5.0,0.7661098731625238,0.6427096251363454
-1,5,3,3,1,3.0,0.802342191251423,0.5968643130041074
-1,1,8,8,2,8.0,0.702280281445106,0.7119005592731212
-1,0,6,0,1,6.0,0.7036825952557098,0.7105144651125613
-1,9,7,7,2,7.0,0.7018496983061259,0.7123250669375606
-1,8,5,8,2,8.0,0.7010375280810152,0.7131243820134464
-1,3,1,3,1,1.0,0.7028853604521851,0.7113031492001155
-1,7,6,6,2,6.0,0.7034335732294192,0.7107610062838924
-1,0,1,0,1,0.0,0.9043576030744216,0.42677549808006415
-1,6,9,9,2,6.0,0.8484893615615069,0.5292124368502182
-1,7,0,7,2,0.0,0.7274422395428889,0.686168920987264
-1,8,3,8,2,3.0,0.7141655514309605,0.699976831866107
-1,9,1,9,1,9.0,0.7167259309091052,0.6973549598034536
-1,0,5,5,1,0.0,0.7021448105364912,0.7120341740651742
-1,7,8,7,2,7.0,0.6972186097474783,0.7168585705854353
-1,3,6,3,2,6.0,0.7734388423665433,0.6338709309620543
-1,1,5,5,1,1.0,0.7015172645143206,0.7126524591891511
-1,9,0,9,1,0.0,0.702280281445106,0.7119005592731212
-1,6,8,6,2,6.0,0.7014727307159014,0.7126962944073558
-1,3,7,7,1,7.0,0.7025003681833333,0.7116833795321351
-1,5,9,5,2,9.0,0.7405208562586175,0.6720333782231385
-1,0,3,0,1,0.0,0.7942065131733381,0.6076479362534265
5,5,6,6,1,5.0,0.7029351681296114,0.7112539275157607
1,1,7,7,2,7.0,0.7025003681833333,0.7116833795321351
8,8,9,8,2,8.0,0.7025886646132301,0.7115962115954511
2,7,3,3,2,7.0,0.7302026886566485,0.6832305858775658
1,1,0,0,2,0.0,0.7031675589124661,0.7110241796824377
5,5,8,8,2,5.0,0.7456561006171789,0.666330983530245
1,1,3,1,1,3.0,0.7027285362744408,0.7114580833089058
-1,6,0,0,2,6.0,0.7785717116011385,0.6275556468509177
2,7,9,7,2,9.0,0.7978673239222394,0.6028330891856919
8,8,6,8,2,6.0,0.7679048892320215,0.640563877449827
1,1,9,9,2,9.0,0.6908577715463126,0.7229906911531179
5,5,0,0,2,0.0,0.7026456721493012,0.7115399211638492
-1,6,3,3,2,3.0,0.7024085519692114,0.7117739993288008
8,8,7,8,1,7.0,0.7034143927642639,0.7107799885000153
9,9,5,9,1,5.0,0.7026456721493012,0.7115399211638492
-1,0,7,7,1,0.0,0.7023771277714427,0.7118050086811265
8,8,1,1,2,8.0,0.7399400733959437,0.6726727939963124
9,9,6,6,2,6.0,0.7036825952557098,0.7105144651125613
-1,3,5,3,2,3.0,0.7021448105364912,0.7120341740651742
2,7,1,1,2,7.0,0.8238038641890475,0.5668749362488991
-1,0,8,0,1,8.0,0.7020381095567656,0.7121393773201723
9,9,3,9,1,3.0,0.702179386223622,0.7120000769400363
2,7,5,5,1,5.0,0.7601551737556986,0.6497415730984463
1,1,6,6,2,6.0,0.7028343490605733,0.7113535532916105
9,9,8,8,1,9.0,0.7027285362744408,0.7114580833089058
3,3,0,3,2,3.0,0.7025596109834729,0.7116248962864855
6,6,5,5,2,5.0,0.7026173493413279,0.7115678888233831
3,3,8,8,2,3.0,0.7650124042203036,0.6440155443691331
-1,0,9,9,2,9.0,0.7033154053030363,0.7108779365428538
5,5,1,1,2,5.0,0.7403249966411385,0.6722491348810338
6,6,7,7,2,6.0,0.7412430315582571,0.6712367452444217
8,8,0,0,2,0.0,0.7025596109834729,0.7116248962864855
3,3,9,3,2,3.0,0.7027285362744408,0.7114580833089058
6,6,1,6,2,6.0,0.7010375280810152,0.7131243820134464
5,5,7,5,2,5.0,0.703395010941708,0.7107991689516207
3,6,3,6,2,3.0,0.7720661109338305,0.6355422254638239
5,0,5,0,2,0.0,0.703054692658077,0.7111357810794342
5,0,6,0,2,6.0,0.7470460675191091,0.6647722715368284
8,3,6,3,2,3.0,0.7035801295960805,0.7106159308920413
3,3,5,3,2,3.0,0.7029351681296114,0.7112539275157607
0,0,1,1,2,0.0,0.7118050086811265,0.7023771277714427
-1,6,7,6,2,7.0,0.7678350214826389,0.6406476252861282
0,0,9,0,1,0.0,0.788138157680406,0.6154983707599361
3,3,8,8,2,8.0,0.7031454914691535,0.7110460026092563
1,1,7,7,2,7.0,0.7032949675016306,0.710898156339486
5,5,6,5,2,6.0,0.7457889622143791,0.6661822752364397
8,8,9,9,2,9.0,0.7028853604521851,0.7113031492001155
2,7,5,5,1,7.0,0.7028343490605733,0.7113535532916105
-1,6,1,6,1,1.0,0.7028600079314319,0.7113282007980757
-1,9,7,7,2,7.0,0.7016042529953588,0.7125668194484112
5,5,0,5,1,0.0,0.7032743081666771,0.7109185941250106
-1,9,1,1,1,1.0,0.7177062728502942,0.6963459671107021
-1,6,3,3,2,3.0,0.7025886646132301,0.7115962115954511
2,7,0,0,1,7.0,0.7026173493413279,0.7115678888233831
8,8,5,8,2,5.0,0.7397806514893724,0.6728481163546197
1,1,3,3,2,3.0,0.7023130012327302,0.7118682801610667
2,7,6,6,2,6.0,0.7034335732294192,0.7107610062838924
-1,9,3,3,2,9.0,0.7597108803759876,0.650261007779447
8,8,0,8,2,0.0,0.7633862853691146,0.6459422414661738
1,1,5,5,2,1.0,0.7804699938203682,0.6251932411231221
2,7,8,8,2,8.0,0.70172977504731,0.7124432067274217
5,5,9,5,1,5.0,0.7555312842968392,0.6551125692953607
0,0,6,0,1,0.0,0.8971990145224813,0.4416264579255737
1,1,8,8,2,8.0,0.6997798348164428,0.7143585813751188
6,6,9,6,2,9.0,0.7578377314793198,0.6524430800815336
0,0,3,3,2,0.0,0.7150066690130576,0.6991176319238787
3,3,0,3,2,3.0,0.7028600079314319,0.7113282007980757
1,1,6,1,2,1.0,0.7011898782285618,0.7129745820643361
5,5,7,7,2,5.0,0.7242295366495236,0.6895589737248123
8,8,3,8,2,8.0,0.7008217572776737,0.713336431514775
9,9,0,0,2,9.0,0.7504049106783742,0.6609784187322467
6,6,5,5,1,5.0,0.7577086421190125,0.6525929923452767
5,7,1,1,2,7.0,0.7355451051590867,0.6774757547517903
0,0,8,0,1,0.0,0.7686439549964937,0.6396768484534578
3,3,9,9,2,3.0,0.7863183388224226,0.6178215519319035
5,5,1,1,1,5.0,0.7025003681833333,0.7116833795321351
8,8,6,6,2,8.0,0.932389561503391,0.36145498419514716
3,3,1,3,1,3.0,0.7364428177115255,0.6764997976652386
5,7,9,7,2,9.0,0.7212446039204347,0.6926804611909125
0,0,5,0,1,5.0,0.7026736398436252,0.7115123019800229
3,3,6,6,1,3.0,0.7032743081666771,0.7109185941250106
-1,1,9,9,1,9.0,0.7223548217498029,0.691522603748287
5,5,8,8,1,8.0,0.7692889628289878,0.6389010030274644
0,0,7,0,1,0.0,0.7367668954708526,0.6761468344510989
9,9,6,9,1,9.0,0.7186021417665908,0.6954214275160556
-1,1,0,0,1,1.0,0.7012389761168877,0.7129262923855025
6,6,8,8,2,6.0,0.7865733591242315,0.6174968426769668
5,5,3,3,2,5.0,0.7195456116844607,0.6944451833698865
9,9,8,9,1,8.0,0.6984315939659476,0.7156768185083165
6,6,0,6,1,0.0,0.70172977504731,0.7124432067274217
5,7,3,7,1,7.0,0.7249994335944137,0.688749461914693
9,9,5,9,1,5.0,0.7009315268217042,0.7132285711519096
5,0,5,5,1,5.0,0.7575473768598959,0.6527801864431019
-1,8,7,8,1,8.0,0.8566565765354343,0.5158871096263112
-1,0,8,0,2,0.0,0.7020741827848284,0.7121038139674688
3,5,0,0,2,5.0,0.7834976790895338,0.621394711002044
3,3,1,3,2,3.0,0.7000007142139285,0.7141421427839069
8,8,9,9,2,8.0,0.7815371998775867,0.6238586420075474
3,3,5,5,2,5.0,0.7033556304069442,0.7108381371134009
1,1,6,1,2,1.0,0.7008217572776737,0.713336431514775
9,9,3,9,1,3.0,0.702179386223622,0.7120000769400363
8,8,1,1,2,1.0,0.7034335732294192,0.7107610062838924
9,9,5,9,2,9.0,0.702179386223622,0.7120000769400363
6,6,3,3,2,3.0,0.7020381095567656,0.7121393773201723
5,5,8,5,2,5.0,0.7029838142009827,0.7112058471156141
1,1,5,5,2,1.0,0.731055268242869,0.6823182503600111
9,9,6,9,2,9.0,0.7022134834058589,0.7119664484531625
6,6,5,6,2,5.0,0.7570021514409169,0.653412383349002
5,5,3,5,2,5.0,0.7030777803619778,0.7111129549946862
1,1,3,3,2,1.0,0.7618387888844743,0.6477666707627349
9,9,8,8,2,9.0,0.7366835105365324,0.6762376840309707
8,8,3,3,2,3.0,0.7033154053030363,0.7108779365428538
3,3,6,6,2,3.0,0.7244510986267996,0.6893261968751973
6,6,1,1,2,6.0,0.7267916232732317,0.6868580175988783
-1,5,9,5,2,9.0,0.8883580549950925,0.45915135426712644
6,6,8,6,2,8.0,0.7111357810794342,0.703054692658077
8,8,5,5,2,5.0,0.7024701641224861,0.711713192597782
9,9,1,1,2,1.0,0.7023130012327302,0.7118682801610667
-1,5,6,5,1,6.0,0.7014727307159014,0.7126962944073558
6,6,9,6,1,9.0,0.7031893818579951,0.7110025972119728
-1,5,1,1,2,5.0,0.8541985556144386,0.5199469468957453
3,3,8,8,2,8.0,0.7032743081666771,0.7109185941250106
8,8,6,6,2,8.0,0.8608420939727873,0.5088721737770172
-1,1,9,1,2,1.0,0.7026736398436252,0.7115123019800229
3,3,9,9,2,3.0,0.7558340566381521,0.6547632234830503
-1,1,8,8,2,8.0,0.7020381095567656,0.7121393773201723
1,9,3,3,2,9.0,0.7585991825663507,0.6515575801183381
8,8,9,9,1,9.0,0.7224916885546798,0.6913796062724209
9,9,8,8,2,9.0,0.7706452723106011,0.6372643597953047
8,8,1,8,1,8.0,0.7437620990064324,0.6684444180943886
5,5,3,5,2,5.0,0.7031675589124661,0.7110241796824377
6,6,8,8,1,6.0,0.7023771277714427,0.7118050086811265
5,5,9,5,2,5.0,0.7026736398436252,0.7115123019800229
3,3,6,3,2,3.0,0.7029838142009827,0.7112058471156141
8,8,5,5,2,5.0,0.702179386223622,0.7120000769400363
3,3,9,9,2,3.0,0.7447907587172891,0.6672980786195364
1,1,6,1,1,1.0,0.8096613349637556,0.5868973697885425
1,1,3,1,1,3.0,0.7029351681296114,0.7112539275157607
9,9,6,6,2,9.0,0.7204868533597422,0.6934685963587518
9,9,1,9,1,9.0,0.7371541402007414,0.6757246285173463
6,6,5,5,2,5.0,0.7035624528049199,0.7106334322300949
5,5,1,1,2,5.0,0.7451050227016035,0.6669471531874492
3,3,8,8,2,3.0,0.9374914879815343,0.34800820387193315
3,3,1,3,2,3.0,0.7027285362744408,0.7114580833089058
6,6,9,6,2,9.0,0.7543712360997422,0.6564480467983335
6,6,1,6,2,6.0,0.696785684263249,0.7172793808592269
9,9,3,3,2,9.0,0.793606361291916,0.6084315436571356
5,5,8,8,1,5.0,0.7027820897865867,0.7114051829128025
1,1,9,1,2,1.0,0.7033154053030363,0.7108779365428538
8,8,6,8,2,6.0,0.7596422373549732,0.6503411960089338
1,1,5,1,2,5.0,0.9551953674747636,0.29597602935837747
8,8,3,3,2,3.0,0.7026736398436252,0.7115123019800229
9,9,5,5,1,9.0,0.7020381095567656,0.7121393773201723
6,6,3,3,2,6.0,0.7393423814787864,0.6733296688467519
5,5,6,5,2,6.0,0.7194551241204984,0.6945389293457626
3,3,5,3,2,5.0,0.7277086810245816,0.6858863430346632
1,1,8,8,1,8.0,0.731505583015936,0.6818354508358416
8,9,3,3,2,3.0,0.6925318281897135,0.7213873210309515
8,5,3,5,2,5.0,0.7005900799982019,0.7135639703685389
5,5,0,0,2,0.0,0.7028600079314319,0.7113282007980757
6,1,6,6,2,6.0,0.7028853604521851,0.7113031492001155
3,8,3,3,2,3.0,0.7031231753960862,0.7110680700333301
9,7,9,9,2,9.0,0.7015172645143206,0.7126524591891511
0,3,0,0,2,0.0,0.703632117660321,0.7105644537949054
7,7,1,1,2,7.0,0.7637941823953547,0.6454598724467786
9,5,9,9,2,9.0,0.7023452803945737,0.7118364328323381
8,6,8,8,2,8.0,0.7025886646132301,0.7115962115954511
5,5,1,1,2,1.0,0.7034899373768789,0.7107052187858726
3,3,9,9,2,9.0,0.7020381095567656,0.7121393773201723
8,7,8,8,2,7.0,0.7402472929987609,0.6723346973108012
6,6,0,0,2,6.0,0.71609052011829,0.6980074261759089
3,3,1,1,2,3.0,0.841586354630593,0.540122585807694
5,5,8,8,2,5.0,0.7883593621035047,0.6152150162209593
7,7,3,3,2,3.0,0.7027285362744408,0.7114580833089058
6,6,9,6,1,6.0,0.7368387428390584,0.6760685372440846
-1,0,7,7,2,0.0,0.8258009818735298,0.5639616461575325
3,3,6,6,2,6.0,0.7014727307159014,0.7126962944073558
8,1,8,8,2,8.0,0.7030777803619778,0.7111129549946862
9,0,9,9,2,0.0,0.7168317508602147,0.6972461838968208
7,5,7,5,1,7.0,0.7029104120765632,0.7112783931727128
1,6,1,1,2,6.0,0.7194875476184915,0.6945053411039606
5,9,5,5,2,9.0,0.8072668118263627,0.5901866607470047
8,8,0,0,2,0.0,0.7036825952557098,0.7105144651125613
9,9,6,6,2,9.0,0.7452413135250994,0.6667948594698258
1,1,3,3,2,1.0,0.8017458637805671,0.5976650984546046
-1,0,5,5,2,5.0,0.7029596338114635,0.711229747150422
7,9,7,9,1,9.0,0.7355451051590868,0.6774757547517904
8,8,3,3,2,3.0,0.7031006064676614,0.711090386086612
-1,0,1,1,2,0.0,0.7308259533782941,0.6825638621174634
8,8,5,5,2,8.0,0.7393423814787864,0.6733296688467519
1,1,7,7,2,1.0,0.7189090671591369,0.69510413116049
3,0,3,3,2,3.0,0.7031454914691535,0.7110460026092563
6,6,5,5,2,5.0,0.7030777803619778,0.7111129549946862
-1,8,0,0,2,0.0,0.7016042529953588,0.7125668194484112
9,1,9,1,1,9.0,0.7028083782532835,0.7113792121344211
5,5,3,3,2,5.0,0.7348034446274879,0.6782801027330658
6,7,6,6,2,6.0,0.7025003681833333,0.7116833795321351
9,9,8,8,2,9.0,0.72168157452636,0.6922251837293656
7,7,6,7,1,7.0,0.7435266229633777,0.6687063338601447
3,5,3,3,2,5.0,0.890168583353776,0.4556313128066721
1,1,9,1,1,9.0,0.7033556304069442,0.7108381371134009
7,0,7,0,1,7.0,0.7031231753960862,0.7110680700333301
6,3,6,6,2,3.0,0.754473452404406,0.6563305642867597
1,1,8,8,2,8.0,0.7032323103308193,0.7109601379168723
-1,9,0,0,2,0.0,0.7031893818579951,0.7110025972119728
5,5,7,7,2,7.0,0.7029351681296114,0.7112539275157607
6,6,8,8,2,8.0,0.6992068795869155,0.7149193937349362
3,7,3,3,2,3.0,0.702179386223622,0.7120000769400363
5,5,6,6,2,5.0,0.7147094146992583,0.6994215127805576
8,8,9,9,2,8.0,0.7317215709199386,0.6816036551035045
1,1,0,0,2,1.0,0.7864857412565827,0.617608434851795
7,7,8,7,1,7.0,0.7762578851120725,0.630415494575865
9,9,3,9,1,3.0,0.7030313388330883,0.7111588687617946
1,1,5,1,1,1.0,0.7317501382664418,0.6815729859281714
-1,6,0,0,2,0.0,0.7025301812897969,0.7116539498779761
5,9,0,0,2,0.0,0.7020741827848284,0.7121038139674688
3,3,7,7,2,3.0,0.7630456721058034,0.6463445693131511
3,9,3,3,2,9.0,0.7380288120022733,0.6747691995449356
5,9,0,0,2,0.0,0.7031675589124661,0.7110241796824377
0,8,0,0,2,0.0,0.6972186097474783,0.7168585705854353
3,9,3,3,2,3.0,0.7032323103308193,0.7109601379168723
5,1,5,5,2,1.0,0.7723467902597446,0.6352010985313787
7,6,7,7,2,6.0,0.736327520755392,0.6766252893427926
1,1,0,1,1,0.0,0.7023452803945737,0.7118364328323381
3,3,6,6,2,3.0,0.7553475741463418,0.6553243793963696
8,5,8,8,2,5.0,0.7203911197340475,0.6935680461269287
9,7,9,7,1,9.0,0.7035624528049199,0.7106334322300949
6,5,6,6,2,6.0,0.7031231753960862,0.7110680700333301
1,3,1,1,2,1.0,0.7033154053030363,0.7108779365428538
9,9,8,8,2,9.0,0.8990289871284826,0.4378891187306833
0,0,7,7,2,0.0,0.7254109278091967,0.6883160508189538
6,6,1,1,2,6.0,0.7395391838567011,0.6731135086599914
7,8,7,7,2,7.0,0.7026736398436252,0.7115123019800229
5,5,0,0,2,5.0,0.7893522173763263,0.6139406135149205
1,1,9,9,2,9.0,0.7016885755159995,0.7124837843700919
8,8,3,3,2,3.0,0.7036825952557098,0.7105144651125613
0,0,6,0,1,0.0,0.7592566023652966,0.6507913734559685
9,5,9,9,2,5.0,0.8189509886527143,0.5738634665011721
8,8,1,1,2,1.0,0.7024085519692114,0.7117739993288008
7,7,3,3,2,3.0,0.7020741827848284,0.7121038139674688
6,9,6,6,2,6.0,0.7024395613665727,0.711743396616461
0,3,0,0,2,0.0,0.7006495858571564,0.7135055415609575
5,6,5,5,2,5.0,0.7035445979201052,0.7106511090102072
7,7,0,0,2,0.0,0.7024701641224861,0.711713192597782
3,3,1,1,2,1.0,0.7031675589124661,0.7110241796824377
5,5,7,7,2,7.0,0.7033556304069442,0.7108381371134009
6,6,8,8,2,8.0,0.703054692658077,0.7111357810794342
3,3,0,0,2,0.0,0.7027554777966536,0.7114314713496986
9,1,9,9,2,1.0,0.8024623409461334,0.5967027663445608
5,8,5,5,2,5.0,0.7030077142592762,0.7111822225646166
6,6,7,7,2,6.0,0.732650883104722,0.6806046455071189
9,0,9,0,1,9.0,0.7018103226793718,0.7123638613662797
1,5,1,5,1,5.0,0.7971609429900671,0.6037668680634828
3,8,3,3,2,8.0,0.7255071012685885,0.6882146801753433
7,5,7,7,2,7.0,0.7027554777966536,0.7114314713496986
1,6,1,1,2,1.0,0.7028083782532835,0.7113792121344211
9,3,9,9,2,9.0,0.702701259061168,0.7114850247994325
8,8,0,0,2,8.0,0.7114850247994325,0.702701259061168
7,7,1,1,2,1.0,0.7034335732294192,0.7107610062838924
0,9,0,0,2,0.0,0.7031006064676614,0.711090386086612
8,8,6,6,2,8.0,0.7391157709827306,0.6735784119793358
3,3,7,7,2,7.0,0.7031006064676614,0.711090386086612
0,5,0,0,2,5.0,0.8197253423622104,0.5727568097274419
7,9,7,7,2,7.0,0.7027285362744408,0.7114580833089058
1,1,8,1,1,1.0,0.739761997509784,0.6728686253945375
3,3,5,5,2,3.0,0.7620200056423561,0.6475534811896416
9,9,6,6,2,9.0,0.7869589419492288,0.617005367631555
0,0,1,1,2,0.0,0.876215908676647,0.4819187497721559
5,5,9,5,1,5.0,0.7027820897865867,0.7114051829128025
6,6,3,3,2,3.0,0.7032743081666771,0.7109185941250106
1,7,1,7,1,1.0,0.7010375280810152,0.7131243820134464
8,9,8,8,2,8.0,0.7031006064676614,0.711090386086612
6,0,6,6,2,6.0,0.7029838142009827,0.7112058471156141
5,3,5,5,2,5.0,0.7018496983061259,0.7123250669375606
0,0,5,0,1,5.0,0.7017703527782003,0.7124032369112033
-1,9,1,1,2,1.0,0.7027820897865867,0.7114051829128025
-1,1,0,0,2,0.0,0.7023452803945737,0.7118364328323381
9,5,0,5,1,5.0,0.7118364328323381,0.7023452803945737
-1,5,0,0,2,0.0,0.7027820897865867,0.7114051829128025
-1,1,6,6,2,1.0,0.7026456721493012,0.7115399211638492
-1,8,9,9,2,8.0,0.7312035165710434,0.6821593782644491
-1,7,0,0,2,7.0,0.7353228841400947,0.6777169439079215
-1,5,3,3,2,5.0,0.8019596971102673,0.597378141724995
-1,6,8,8,2,6.0,0.8848254820853023,0.46592259684685006
-1,1,0,0,2,1.0,0.8021824521519396,0.5970789842721824
-1,9,3,9,1,3.0,0.702179386223622,0.7120000769400363
-1,6,7,7,2,7.0,0.7039571317525781,0.7102424632860833
-1,8,5,5,2,8.0,0.7036149594503653,0.7105814441973987
-1,9,1,1,2,9.0,0.7426141510405995,0.6697195104476572
-1,3,7,7,2,3.0,0.7874100435409946,0.6164295769435215
-1,5,6,6,2,5.0,0.80200053462369,0.5973233148499358
-1,9,0,9,1,9.0,0.7244510986267996,0.6893261968751973
-1,7,8,7,1,8.0,0.7025596109834729,0.7116248962864855
-1,1,3,3,2,1.0,0.7370205305753105,0.6758703555494113
-1,6,0,6,1,0.0,0.7031675589124661,0.7110241796824377
-1,5,9,5,1,5.0,0.7685225995058936,0.6398226426508397
-1,1,8,8,2,1.0,0.8209901346175386,0.5709423778812324
-1,5,7,5,1,5.0,0.8188351394109185,0.5740287575251799
-1,3,0,3,1,3.0,0.7306212598466907,0.6827829630710145
-1,9,6,9,1,9.0,0.8371155952136768,0.547026032515868
-1,1,7,7,2,1.0,0.8015570834916893,0.5979182568748818
-1,3,6,3,1,3.0,0.7135639703685389,0.7005900799982019
-1,8,0,8,1,8.0,0.7898523141573855,0.6132970909927935
-1,9,7,9,1,7.0,0.7026736398436252,0.7115123019800229
-1,1,5,1,1,5.0,0.7027820897865867,0.7114051829128025
-1,8,3,8,1,8.0,0.8671464062733538,0.49805332052623397
-1,0,9,0,1,0.0,0.7525766947068778,0.6585046078685182
-1,1,7,1,1,1.0,0.7382881344327658,0.6744854561484527
-1,8,6,8,1,6.0,0.7030077142592762,0.7111822225646166
-1,3,5,3,1,5.0,0.7023771277714427,0.7118050086811265
-1,0,1,0,1,1.0,0.7031893818579951,0.7110025972119728
-1,7,8,7,1,8.0,0.7031454914691535,0.7110460026092563
-1,3,9,9,2,3.0,0.7028083782532835,0.7113792121344211
-1,5,6,5,1,6.0,0.7031231753960862,0.7110680700333301
-1,0,7,0,1,7.0,0.7015172645143206,0.7126524591891511
-1,1,6,1,1,6.0,0.7028343490605733,0.7113535532916105
-1,3,8,3,1,8.0,0.6988373666306947,0.7152805987867111
-1,7,9,9,2,9.0,0.7025596109834729,0.7116248962864855
-1,0,5,5,2,5.0,0.7009849862549792,0.7131760294941962
-1,3,1,1,2,3.0,0.8221921916437787,0.5692099788303082
-1,6,9,9,2,6.0,0.7441675938424905,0.6679929582523143
-1,5,7,5,1,7.0,0.7035083429943925,0.7106869995555597
-1,8,0,8,1,0.0,0.702280281445106,0.7119005592731212
-1,3,6,6,2,6.0,0.7024085519692114,0.7117739993288008
-1,9,1,1,2,9.0,0.8592111341077855,0.5116211753096359
-1,8,5,5,2,5.0,0.7028343490605733,0.7113535532916105
-1,3,0,0,2,0.0,0.7030313388330883,0.7111588687617946
-1,6,7,7,2,7.0,0.7033154053030363,0.7108779365428538
-1,8,9,9,2,9.0,0.7012872659320248,0.7128787909887525
-1,1,5,5,2,5.0,0.700765396045594,0.713391799577947
-1,6,0,0,2,0.0,0.7025301812897969,0.7116539498779761
-1,3,7,7,2,3.0,0.8260452551376348,0.5636037938699487
-1,8,1,1,2,1.0,0.7025003681833333,0.7116833795321351
-1,5,9,9,2,9.0,0.7024085519692114,0.7117739993288008
-1,5,1,1,2,5.0,0.8148276657657669,0.5797032646990282
-1,8,9,9,2,9.0,0.7017703527782003,0.7124032369112033
-1,1,9,1,1,1.0,0.7413508754405108,0.6711176346093045
-1,1,5,1,1,5.0,0.7026173493413279,0.7115678888233831
0,5,8,8,2,8.0,0.702701259061168,0.7114850247994325
5,0,1,1,2,1.0,0.7033754245742967,0.710818550760268
0,3,9,9,2,3.0,0.7280862858097518,0.6854854924910961
5,6,7,7,2,6.0,0.7151140079520703,0.6990078366017984
0,5,3,3,2,5.0,0.7329640932319081,0.6802673283590259
0,8,9,9,2,8.0,0.7237935870312945,0.6900165529698341
5,1,7,7,2,7.0,0.7023452803945737,0.7118364328323381
5,6,0,0,2,0.0,0.7005294672638185,0.7136234759977216
0,5,9,5,1,5.0,0.7406055035628791,0.6719400926365194
0,8,3,8,1,8.0,0.777156579315502,0.6293072788603578
5,6,1,1,2,1.0,0.7035083429943925,0.7106869995555597
5,0,7,7,2,0.0,0.7974612556952559,0.6033701564255111
0,5,1,5,1,1.0,0.7020015154756069,0.7121754504824996
0,6,9,6,1,9.0,0.7012872659320248,0.7128787909887525
5,0,3,3,2,0.0,0.7381238492887485,0.6746652378114354
5,7,8,8,2,8.0,0.7031454914691535,0.7110460026092563
0,5,6,6,2,6.0,0.7017703527782003,0.7124032369112033
5,3,7,7,2,7.0,0.7018496983061259,0.7123250669375606
5,0,8,0,1,0.0,0.8440233157334809,0.536306481872316
0,1,9,1,1,1.0,0.702701259061168,0.7114850247994325
2,6,3,3,2,3.0,0.7014274816167628,0.7127408280944525
2,8,1,1,2,8.0,0.711229747150422,0.7029596338114635
1,9,0,9,1,0.0,0.7030077142592762,0.7111822225646166
1,7,5,5,2,5.0,0.7030077142592762,0.7111822225646166
2,3,1,1,2,1.0,0.7025596109834729,0.7116248962864855
2,6,8,8,2,6.0,0.7787539090832829,0.6273295378726446
1,0,5,5,2,5.0,0.7038853879481767,0.7103135650070642
1,7,9,9,2,7.0,0.8013033975071939,0.5982581927089909
2,6,1,1,2,1.0,0.7028853604521851,0.7113031492001155
-1,0,5,0,1,0.0,0.7558479086147142,0.6547472329401346
-1,8,3,8,1,3.0,0.6995447848162134,0.7145887586832287
-1,7,6,6,2,7.0,0.7128320587294124,0.7013347674595831
-1,9,1,9,1,1.0,0.701888492813689,0.7122868408553733
-1,5,3,3,2,3.0,0.7025886646132301,0.7115962115954511
-1,8,0,0,2,0.0,0.7026173493413279,0.7115678888233831
-1,1,7,7,2,1.0,0.7882556182955367,0.6153479342823222
-1,6,9,9,2,6.0,0.7241379310344828,0.6896551724137931
-1,3,0,3,1,0.0,0.7030077142592762,0.7111822225646166
-1,8,5,5,2,8.0,0.8312790756252288,0.5558552855084361
-1,7,9,7,1,9.0,0.7028343490605733,0.7113535532916105
-1,1,3,3,2,3.0,0.7016042529953588,0.7125668194484112
-1,6,5,5,2,5.0,0.7019267189718641,0.7122491707214503
-1,7,8,8,2,8.0,0.7024085519692114,0.7117739993288008
-1,9,0,0,2,0.0,0.701888492813689,0.7122868408553733
-1,3,6,6,2,6.0,0.7028600079314319,0.7113282007980757
-1,0,7,7,2,7.0,0.703395010941708,0.7107991689516207
-1,5,1,1,2,1.0,0.7016885755159995,0.7124837843700919
-1,8,6,8,1,8.0,0.7222614850860599,0.6916200887490757
-1,9,3,9,1,3.0,0.7010375280810152,0.7131243820134464
-1,0,1,1,2,1.0,0.7019643891790419,0.7122120444955242
-1,7,5,5,2,5.0,0.6993795241800348,0.7147505027334421
-1,9,8,8,2,9.0,0.7196633887528546,0.6943231285855006
-1,0,6,6,2,6.0,0.701888492813689,0.7122868408553733
-1,3,7,7,2,3.0,0.8965023604999744,0.4430389572238246
-1,5,9,5,1,5.0,0.7741034216274526,0.6330591541275353
-1,1,8,8,2,8.0,0.7028343490605733,0.7113535532916105
-1,1,0,0,2,0.0,0.7030313388330883,0.7111588687617946
-1,8,3,8,1,3.0,0.7020381095567656,0.7121393773201723
-1,1,3,3,2,3.0,0.7019267189718641,0.7122491707214503
-1,0,3,3,2,0.0,0.7600899697441449,0.6498178497812637
5,0,3,3,2,3.0,0.7017703527782003,0.7124032369112033
5,5,1,1,2,1.0,0.7031454914691535,0.7110460026092563
5,8,6,6,2,6.0,0.7036825952557098,0.7105144651125613
5,4,2,2,2,2.0,0.7026736398436252,0.7115123019800229
-1,7,9,9,2,7.0,0.8168605592304125,0.5768351816366419
5,3,8,8,2,8.0,0.7016467397821332,0.7125249838097633
5,0,4,4,2,4.0,0.7037635425467845,0.710434287025901
5,6,3,3,2,3.0,0.7020015154756069,0.7121754504824996
5,7,5,5,2,7.0,0.7520961849364323,0.659053357933987
-1,2,1,1,2,2.0,0.7385784511111736,0.6741675396770597
5,6,0,0,2,6.0,0.8207203183699415,0.5713301663790753
5,4,9,9,2,4.0,0.734637746087185,0.6784595655040474
5,7,8,8,2,8.0,0.7029596338114635,0.711229747150422
-1,5,3,3,2,3.0,0.7027554777966536,0.7114314713496986
5,1,4,4,2,4.0,0.7024085519692114,0.7117739993288008
5,6,2,2,2,2.0,0.703395010941708,0.7107991689516207
5,0,9,9,2,9.0,0.7025596109834729,0.7116248962864855
-1,5,8,8,2,8.0,0.7024701641224861,0.711713192597782
5,1,3,3,2,1.0,0.7840458244617614,0.6207029443655611
5,7,4,4,2,7.0,0.7156768185083165,0.6984315939659476
5,2,9,9,2,9.0,0.7027820897865867,0.7114051829128025
5,0,8,8,2,0.0,0.7472193070519703,0.6645775403734113
-1,6,5,5,2,6.0,0.7305667517422091,0.6828412855479944
5,2,7,7,2,2.0,0.7796850247380018,0.626171911059017
5,3,9,9,2,9.0,0.7031006064676614,0.711090386086612
5,4,5,5,2,4.0,0.7414479453949584,0.6710103905824373
5,8,1,1,2,8.0,0.73941156831311,0.6732536911482527
5,6,9,9,2,9.0,0.7024701641224861,0.711713192597782
-1,0,2,2,2,2.0,0.7029596338114635,0.711229747150422
5,7,3,3,2,7.0,0.7201979316012999,0.6937686497076742
5,8,4,4,2,8.0,0.744920086565872,0.6671537039024019
5,6,1,1,2,1.0,0.7010375280810152,0.7131243820134464
5,5,0,0,2,0.0,0.7025886646132301,0.7115962115954511
5,7,1,1,2,7.0,0.732910537567934,0.6803250281460195
5,2,3,2,1,2.0,0.7276554990472835,0.685942763433108
5,8,9,9,2,9.0,0.6969341436400659,0.7171351333107924
5,4,5,5,2,4.0,0.7880950672007648,0.6155535436124318
5,6,0,0,2,6.0,0.7300213986321196,0.6834242880811332
-1,7,8,8,2,7.0,0.7834976790895338,0.6213947110020441
5,9,2,2,2,2.0,0.7035083429943925,0.7106869995555597
5,3,1,1,2,1.0,0.7023130012327302,0.7118682801610667
-1,4,6,6,2,4.0,0.7568230077691596,0.6536198703460924
5,8,2,8,1,2.0,0.7029838142009827,0.7112058471156141
5,7,5,5,2,5.0,0.7026736398436252,0.7115123019800229
5,4,1,4,1,4.0,0.7198442954206851,0.694135570584232
-1,0,9,9,2,0.0,0.7318939744313496,0.6814185279188428
5,7,3,3,2,3.0,0.7025003681833333,0.7116833795321351
5,2,6,2,1,6.0,0.7022134834058589,0.7119664484531625
-1,8,0,0,2,8.0,0.7360996206938664,0.6768732144311415
5,1,9,9,2,1.0,0.7454287439653926,0.6665853191228992
5,5,2,2,2,5.0,0.7191229524372543,0.6948828529168974
5,6,7,6,1,7.0,0.703395010941708,0.7107991689516207
-1,4,3,3,2,4.0,0.868544952606259,0.49561039668492746
5,8,9,8,1,8.0,0.839336724356591,0.5436118681066003
5,0,1,1,2,0.0,0.8725772005334023,0.48847623187755057
5,3,5,5,2,3.0,0.8266485342224058,0.5627185805248907
-1,2,4,2,1,2.0,0.8704510104654015,0.49225505419422705
5,7,1,1,2,1.0,0.7027285362744408,0.7114580833089058
5,0,5,5,2,5.0,0.6999285823596569,0.7142128391425071
5,6,8,8,2,6.0,0.8045740795857671,0.5938522968371138
-1,3,9,3,1,3.0,0.8226910363572887,0.5684887498423961
5,0,2,0,1,2.0,0.7018496983061259,0.7123250669375606
5,7,4,7,1,7.0,0.7580595646092233,0.6521853237420133
5,1,6,6,2,1.0,0.7479249036955814,0.6637833520298285
5,9,5,5,2,9.0,0.7144337173654568,0.6997031252548288
5,4,3,4,1,4.0,0.7121513445233447,0.7020259699566621
5,2,8,2,1,8.0,0.7029351681296114,0.7112539275157607
5,0,7,0,1,7.0,0.7024395613665727,0.711743396616461
5,1,5,5,2,5.0,0.702701259061168,0.7114850247994325
5,9,6,9,1,6.0,0.7026456721493012,0.7115399211638492
3,7,2,2,2,2.0,0.7033754245742967,0.710818550760268
3,8,4,4,2,8.0,0.7330444843864028,0.6801806994546911
2,8,7,7,2,7.0,0.7026456721493012,0.7115399211638492
2,7,2,7,1,2.0,0.70172977504731,0.7124432067274217
2,0,2,2,2,2.0,0.7031675589124661,0.7110241796824377
6,6,3,3,2,6.0,0.7257049794364753,0.6880060194657494
4,4,1,1,2,4.0,0.8049515353497113,0.5933405647165398
9,7,9,9,2,7.0,0.8414464055150531,0.5403405839336861
8,5,8,8,2,8.0,0.7030077142592762,0.7111822225646166
0,0,4,4,2,0.0,0.7284942418827252,0.6850519247062323
1,1,2,2,2,2.0,0.7027820897865867,0.7114051829128025
7,6,7,7,2,6.0,0.7179003934510549,0.6961458360737502
3,3,8,8,2,3.0,0.8574929257125442,0.5144957554275266
4,9,4,9,1,4.0,0.7013347674595832,0.7128320587294125
7,7,1,1,2,7.0,0.8153829846202769,0.5789219190803966
5,5,0,0,2,0.0,0.7026456721493012,0.7115399211638492
2,2,3,2,1,3.0,0.7036659331372899,0.7105309666313122
9,6,9,9,2,9.0,0.7022134834058589,0.7119664484531625
8,8,4,4,2,4.0,0.7037948599121373,0.7104032623526269
1,1,5,5,2,5.0,0.7030313388330883,0.7111588687617946
0,7,0,0,2,7.0,0.7151872024010241,0.6989329478010008
6,6,2,2,2,2.0,0.7025301812897969,0.7116539498779761
3,9,3,3,2,9.0,0.7450711016969831,0.6669850473706617
8,8,1,1,2,8.0,0.7571147703140485,0.6532818875281219
4,4,6,6,2,6.0,0.702701259061168,0.7114850247994325
5,3,5,5,2,5.0,0.7033154053030363,0.7108779365428538
2,2,7,7,2,7.0,0.7031454914691535,0.7110460026092563
8,0,8,8,2,0.0,0.721260320397158,0.6926640962404426
9,5,9,9,2,5.0,0.7350954238944571,0.6779636551979967
7,4,7,7,2,4.0,0.7326251240543231,0.680632373314984
6,8,6,6,2,8.0,0.7592566023652966,0.6507913734559685
1,3,1,1,2,1.0,0.7016042529953588,0.7125668194484112
0,9,0,0,2,0.0,0.701888492813689,0.7122868408553733
4,2,4,2,1,2.0,0.7281999926928029,0.685364699004991
5,6,5,5,2,6.0,0.7304900913464081,0.6829232947005955
8,8,7,7,2,8.0,0.7221464083613589,0.6917402437987754
3,0,3,3,2,0.0,0.7853936154403165,0.6189966630165207
9,1,9,1,1,1.0,0.7268741168911591,0.6867707173385434
2,2,5,5,2,2.0,0.807391122257898,0.59001658934231
8,3,8,8,2,3.0,0.7467940368539223,0.6650553860539905
7,7,0,7,1,7.0,0.7666712041012423,0.6420399246168039
6,4,6,6,2,4.0,0.7888580436565562,0.6145754526161542
3,3,2,2,2,2.0,0.7031893818579951,0.7110025972119728
1,9,1,9,1,9.0,0.7251822942374672,0.6885569258416355
0,0,6,0,1,6.0,0.7035976309449103,0.7105986023970985
5,7,5,7,1,5.0,0.7037948599121373,0.7104032623526269
4,8,4,8,1,8.0,0.7617912977726993,0.6478225209405633
2,1,2,1,1,1.0,0.7234809136840283,0.6903443832862867
6,6,5,5,2,5.0,0.7038255960088933,0.7103728108554875
9,3,9,3,1,3.0,0.7195456116844607,0.6944451833698865
7,7,2,7,1,2.0,0.7011898782285618,0.7129745820643361
0,5,0,0,2,0.0,0.7020741827848284,0.7121038139674688
1,8,1,8,1,1.0,0.7032323103308193,0.7109601379168723
2,2,4,4,2,2.0,0.8,0.6
7,7,9,7,1,9.0,0.7038255960088933,0.7103728108554875
3,6,3,6,1,3.0,0.7031893818579951,0.7110025972119728
5,8,5,5,2,5.0,0.7035801295960805,0.7106159308920413
0,0,1,0,1,0.0,0.7682212795973759,0.6401843996644799
3,3,7,7,2,7.0,0.7024085519692114,0.7117739993288008
5,5,2,2,2,5.0,0.7536415938141726,0.6572855909520866
9,9,4,9,1,4.0,0.7032534236766906,0.7109392534436489
1,6,1,1,2,6.0,0.7772448707074855,0.6291982286679645
7,8,7,8,1,8.0,0.9458977303365622,0.3244649191270766
0,0,3,0,1,3.0,0.7022471119478896,0.7119332790092399
2,2,9,9,2,2.0,0.7752349855172893,0.6316729511622358
4,4,5,5,2,4.0,0.7191229524372543,0.6948828529168974
6,1,6,6,2,1.0,0.7340139444099378,0.679134397164335
9,9,8,8,2,8.0,0.7033356251151295,0.7108579312660934
6,6,7,7,2,7.0,0.7033556304069442,0.7108381371134009
1,0,1,0,1,0.0,0.8377593720158102,0.5460395906888763
3,4,3,3,2,4.0,0.7111129549946862,0.7030777803619778
5,9,5,5,2,5.0,0.7035976309449103,0.7105986023970985
8,8,2,2,2,2.0,0.7035445979201052,0.7106511090102072
0,0,2,2,2,0.0,0.7405208562586175,0.6720333782231385
0,5,4,5,1,5.0,0.8755078962794679,0.4832038116077938
2,2,5,5,2,2.0,0.8073911222578979,0.59001658934231
2,2,0,0,2,0.0,0.7029838142009827,0.7112058471156141
0,8,0,8,1,0.0,0.703054692658077,0.7111357810794342
6,1,6,6,2,6.0,0.7030777803619778,0.7111129549946862
3,3,9,9,2,3.0,0.715614954676237,0.6984949796839826
7,7,4,7,1,7.0,0.7463470823221304,0.6655569342357143
2,2,5,5,2,2.0,0.7218992881601598,0.6919981342126975
8,6,8,8,2,8.0,0.7031231753960862,0.7110680700333301
0,0,2,2,2,0.0,0.8227641336465474,0.5683829522292574
9,9,5,5,2,9.0,0.7488937172321077,0.6626901238816493
7,7,1,1,2,7.0,0.7322323930364293,0.6810548601897971
8,8,3,3,2,3.0,0.7032534236766906,0.7109392534436489
4,4,6,4,1,4.0,0.7469970385734607,0.6648273643303799
2,9,2,9,1,2.0,0.7027820897865867,0.7114051829128025
-1,1,0,1,1,1.0,0.746765204687931,0.6650877604251885
5,5,7,7,2,7.0,0.7015172645143206,0.7126524591891511
8,4,8,8,2,4.0,0.7654562469906384,0.6434879438987234
-1,3,1,3,1,3.0,0.8544402147143674,0.5195497276285165
2,2,6,6,2,6.0,0.7035801295960805,0.7106159308920413
9,0,9,9,2,9.0,0.7028600079314319,0.7113282007980757
7,8,7,7,2,7.0,0.7032743081666771,0.7109185941250106
5,5,1,1,2,5.0,0.7535690571589674,0.6573687519897375
4,4,2,4,1,4.0,0.7836580957023955,0.6211923929348258
0,3,0,0,2,0.0,0.7020015154756069,0.7121754504824996
6,9,6,6,2,9.0,0.7129262923855025,0.7012389761168878
7,7,2,2,2,2.0,0.7035265622366209,0.7106689638836932
5,8,5,5,2,5.0,0.7035265622366209,0.7106689638836932
4,4,1,4,1,1.0,0.7029104120765632,0.7112783931727128
6,6,7,7,2,7.0,0.7023452803945737,0.7118364328323381
3,4,3,3,2,3.0,0.7027554777966536,0.7114314713496986
5,0,5,5,2,0.0,0.7438299368905009,0.6683689288001602
8,9,8,8,2,9.0,0.7397075921954605,0.6729284345667036
3,3,7,7,2,7.0,0.7039571317525781,0.7102424632860833
2,2,1,1,2,1.0,0.6992941554637311,0.7148340255851473
6,5,6,6,2,5.0,0.7256562174425901,0.6880574496994508
4,0,4,4,2,4.0,0.7031231753960862,0.7110680700333301
1,9,1,1,2,9.0,0.8017981864910908,0.5975949030401764
3,3,8,8,2,3.0,0.7102847408662503,0.7039144741320238
6,6,2,6,1,2.0,0.702179386223622,0.7120000769400363
7,5,7,5,1,7.0,0.7031893818579951,0.7110025972119728
0,0,4,4,2,4.0,0.7037635425467845,0.710434287025901
1,1,2,2,2,1.0,0.7150066690130576,0.6991176319238785
9,8,9,8,1,8.0,0.7709617516270896,0.6368814469962913
3,3,6,6,2,6.0,0.7044130702941792,0.7097902693040584
1,1,5,5,2,1.0,0.722337766058999,0.6915404194440805
4,4,7,7,2,7.0,0.7035265622366209,0.7106689638836932
2,2,8,8,2,8.0,0.7035976309449103,0.7105986023970985
0,0,9,9,2,0.0,0.846431864303332,0.5324970413927065
3,1,3,1,1,3.0,0.7025301812897969,0.7116539498779761
4,5,4,4,2,4.0,0.7022471119478896,0.7119332790092399
0,0,6,6,2,6.0,0.7027820897865867,0.7114051829128025
9,9,7,9,1,9.0,0.7106159308920413,0.7035801295960805
5,3,5,5,2,3.0,0.7608339519590859,0.6489466060827497
8,2,8,8,2,8.0,0.7023452803945737,0.7118364328323381
6,0,6,6,2,0.0,0.7704719917849997,0.6374738503459223
4,3,4,4,2,3.0,0.8648402746934762,0.5020471086144332
5,9,5,5,2,5.0,0.703054692658077,0.7111357810794342
1,1,7,7,2,1.0,0.741298409320304,0.6711755868170319
9,4,9,4,1,9.0,0.7028600079314319,0.7113282007980757
6,8,6,6,2,8.0,0.8007934745524887,0.5989405739421506
2,2,0,0,2,2.0,0.7638856255460444,0.64535164916821
3,3,5,5,2,3.0,0.7508077769579987,0.6605207658048217
0,7,0,7,1,0.0,0.7021448105364912,0.7120341740651742
8,8,1,1,2,8.0,0.8020431103403957,0.597266145998167
1,1,4,4,2,1.0,0.7417039045319462,0.6707274543375017
7,7,6,7,1,6.0,0.7022471119478896,0.7119332790092399
5,4,5,5,2,4.0,0.7390061745762599,0.6736986521718463
8,8,0,0,2,8.0,0.7536415938141726,0.6572855909520866
9,6,9,6,1,9.0,0.7038255960088933,0.7103728108554875
2,9,3,9,1,3.0,0.702701259061168,0.7114850247994325
2,8,7,7,2,7.0,0.7030313388330883,0.7111588687617946
0,9,7,7,2,9.0,0.7847686162307568,0.619788850318609
0,9,3,9,1,3.0,0.7009315268217042,0.7132285711519096
